{
  "canvas": {
    "version": "2.2.11",
    "width": 2000,
    "height": 2000,
    "scrollTop": 0,
    "scrollLeft": 0,
    "zoomLevel": 1,
    "show": {
      "tableComment": true,
      "columnComment": true,
      "columnDataType": true,
      "columnDefault": true,
      "columnAutoIncrement": true,
      "columnPrimaryKey": true,
      "columnUnique": false,
      "columnNotNull": true,
      "relationship": true
    },
    "database": "MySQL",
    "databaseName": "dojos_and_ninjas_schema",
    "canvasType": "@vuerd/builtin-sql-ddl",
    "language": "GraphQL",
    "tableCase": "pascalCase",
    "columnCase": "camelCase",
    "highlightTheme": "VS2015",
    "bracketType": "none",
    "setting": {
      "relationshipDataTypeSync": true,
      "relationshipOptimization": false,
      "columnOrder": [
        "columnName",
        "columnDataType",
        "columnNotNull",
        "columnUnique",
        "columnAutoIncrement",
        "columnDefault",
        "columnComment"
      ]
    },
    "pluginSerializationMap": {}
  },
  "table": {
    "tables": [
      {
        "name": "dojos",
        "comment": "",
        "columns": [
          {
            "name": "id",
            "comment": "",
            "dataType": "INT",
            "default": "",
            "option": {
              "autoIncrement": true,
              "primaryKey": true,
              "unique": false,
              "notNull": true
            },
            "ui": {
              "active": false,
              "pk": true,
              "fk": false,
              "pfk": false,
              "widthName": 60,
              "widthComment": 60,
              "widthDataType": 60,
              "widthDefault": 60
            },
            "id": "12ee3721-78e5-42ab-a8ca-e8f2fc4fc01e"
          },
          {
            "name": "name",
            "comment": "",
            "dataType": "VARCHAR(255)",
            "default": "",
            "option": {
              "autoIncrement": false,
              "primaryKey": false,
              "unique": false,
              "notNull": true
            },
            "ui": {
              "active": false,
              "pk": false,
              "fk": false,
              "pfk": false,
              "widthName": 60,
              "widthComment": 60,
              "widthDataType": 94.955078125,
              "widthDefault": 60
            },
            "id": "8d5c918a-920e-487c-beda-ec2cccbbb881"
          },
          {
            "name": "created_at",
            "comment": "",
            "dataType": "timestamp",
            "default": "CURRENT_TIMESTAMP",
            "option": {
              "autoIncrement": false,
              "primaryKey": false,
              "unique": false,
              "notNull": true
            },
            "ui": {
              "active": false,
              "pk": false,
              "fk": false,
              "pfk": false,
              "widthName": 63.4326171875,
              "widthComment": 60,
              "widthDataType": 61.9599609375,
              "widthDefault": 147.65966796875
            },
            "id": "6ea4df1a-7742-478a-883e-ed3f617f8b8b"
          },
          {
            "name": "updated_at",
            "comment": "",
            "dataType": "timestamp",
            "default": "CURRENT_TIMESTAMP ON UPDATE CURRENT_TIMESTAMP",
            "option": {
              "autoIncrement": false,
              "primaryKey": false,
              "unique": false,
              "notNull": true
            },
            "ui": {
              "active": false,
              "pk": false,
              "fk": false,
              "pfk": false,
              "widthName": 67.0634765625,
              "widthComment": 60,
              "widthDataType": 61.9599609375,
              "widthDefault": 375.42626953125
            },
            "id": "7d01d241-6314-49eb-a631-8c0af8e5f767"
          }
        ],
        "ui": {
          "active": false,
          "left": 17.7778,
          "top": 0,
          "zIndex": 3,
          "widthName": 60,
          "widthComment": 60
        },
        "visible": true,
        "id": "9668ef1c-4a98-4a23-a72f-4ad9e3fbbe52"
      },
      {
        "name": "ninjas",
        "comment": "",
        "columns": [
          {
            "name": "id",
            "comment": "",
            "dataType": "INT",
            "default": "",
            "option": {
              "autoIncrement": true,
              "primaryKey": true,
              "unique": false,
              "notNull": true
            },
            "ui": {
              "active": false,
              "pk": true,
              "fk": false,
              "pfk": false,
              "widthName": 60,
              "widthComment": 60,
              "widthDataType": 60,
              "widthDefault": 60
            },
            "id": "10ea54e9-1591-4f88-8854-58c6325cc1d0"
          },
          {
            "name": "created_at",
            "comment": "",
            "dataType": "timestamp",
            "default": "CURRENT_TIMESTAMP",
            "option": {
              "autoIncrement": false,
              "primaryKey": false,
              "unique": false,
              "notNull": true
            },
            "ui": {
              "active": false,
              "pk": false,
              "fk": false,
              "pfk": false,
              "widthName": 63.4326171875,
              "widthComment": 60,
              "widthDataType": 61.9599609375,
              "widthDefault": 147.65966796875
            },
            "id": "c7d52e52-9c43-4907-a8c3-a2f4547be4eb"
          },
          {
            "name": "updated_at",
            "comment": "",
            "dataType": "timestamp",
            "default": "CURRENT_TIMESTAMP ON UPDATE CURRENT_TIMESTAMP",
            "option": {
              "autoIncrement": false,
              "primaryKey": false,
              "unique": false,
              "notNull": true
            },
            "ui": {
              "active": false,
              "pk": false,
              "fk": false,
              "pfk": false,
              "widthName": 67.0634765625,
              "widthComment": 60,
              "widthDataType": 61.9599609375,
              "widthDefault": 375.42626953125
            },
            "id": "f483219c-999c-430a-9a96-b8685eb351cc"
          },
          {
            "name": "first_name",
            "comment": "",
            "dataType": "VARCHAR(255)",
            "default": "",
            "option": {
              "autoIncrement": false,
              "primaryKey": false,
              "unique": false,
              "notNull": true
            },
            "ui": {
              "active": false,
              "pk": false,
              "fk": false,
              "pfk": false,
              "widthName": 62.68994140625,
              "widthComment": 60,
              "widthDataType": 94.955078125,
              "widthDefault": 60
            },
            "id": "6f4afd0a-526f-4952-b379-a9c84c9ac656"
          },
          {
            "name": "last_name",
            "comment": "",
            "dataType": "VARCHAR(255)",
            "default": "",
            "option": {
              "autoIncrement": false,
              "primaryKey": false,
              "unique": false,
              "notNull": true
            },
            "ui": {
              "active": false,
              "pk": false,
              "fk": false,
              "pfk": false,
              "widthName": 61.97900390625,
              "widthComment": 60,
              "widthDataType": 94.955078125,
              "widthDefault": 60
            },
            "id": "298a4720-2cb7-4760-b061-ab5eb14021a7"
          },
          {
            "name": "dojo_id",
            "comment": "",
            "dataType": "INT",
            "default": "",
            "option": {
              "autoIncrement": false,
              "primaryKey": false,
              "unique": false,
              "notNull": true
            },
            "ui": {
              "active": false,
              "pk": false,
              "fk": true,
              "pfk": false,
              "widthName": 60,
              "widthComment": 60,
              "widthDataType": 60,
              "widthDefault": 60
            },
            "id": "5191e80b-96f2-40e2-869e-c5505aa1d65a"
          }
        ],
        "ui": {
          "active": true,
          "left": 19.2228,
          "top": 343.6668,
          "zIndex": 7,
          "widthName": 60,
          "widthComment": 60
        },
        "visible": true,
        "id": "5364e474-eb60-4732-b83b-284b0c51b16d"
      }
    ],
    "indexes": []
  },
  "memo": {
    "memos": []
  },
  "relationship": {
    "relationships": [
      {
        "identification": false,
        "relationshipType": "OneN",
        "startRelationshipType": "Dash",
        "start": {
          "tableId": "9668ef1c-4a98-4a23-a72f-4ad9e3fbbe52",
          "columnIds": [
            "12ee3721-78e5-42ab-a8ca-e8f2fc4fc01e"
          ],
          "x": 380.000212109375,
          "y": 151,
          "direction": "bottom"
        },
        "end": {
          "tableId": "5364e474-eb60-4732-b83b-284b0c51b16d",
          "columnIds": [
            "5191e80b-96f2-40e2-869e-c5505aa1d65a"
          ],
          "x": 381.445212109375,
          "y": 343.6668,
          "direction": "top"
        },
        "constraintName": "fk_dojos_to_ninjas",
        "visible": true,
        "id": "c6e02fe5-9208-4d89-a0fd-38dc574a97e6"
      }
    ]
  }
}